[
  {
    "id": "e672df2e-b1a6-4223-9d40-be6aa79a60a2",
    "data": [
      {
        "text": "yes, please add",
        "userDefined": false
      }
    ],
    "isTemplate": false,
    "count": 0,
    "lang": "en",
    "updated": 0
  },
  {
    "id": "2d27b631-6199-4b8a-89ea-60d72ac8ad31",
    "data": [
      {
        "text": "add please",
        "userDefined": false
      }
    ],
    "isTemplate": false,
    "count": 0,
    "lang": "en",
    "updated": 0
  },
  {
    "id": "32b48455-340a-434c-854b-bbfc34805729",
    "data": [
      {
        "text": "add ",
        "userDefined": false
      },
      {
        "text": "7",
        "meta": "@sys.number-integer",
        "alias": "ShampooQty",
        "userDefined": true
      },
      {
        "text": " bottles",
        "userDefined": false
      }
    ],
    "isTemplate": false,
    "count": 0,
    "lang": "en",
    "updated": 0
  },
  {
    "id": "1f62dda4-bf68-4128-bd63-7cb650b8a20b",
    "data": [
      {
        "text": "yes, add ",
        "userDefined": false
      },
      {
        "text": "3",
        "meta": "@sys.number-integer",
        "alias": "ShampooQty",
        "userDefined": true
      },
      {
        "text": " bottles",
        "userDefined": false
      }
    ],
    "isTemplate": false,
    "count": 0,
    "lang": "en",
    "updated": 0
  },
  {
    "id": "fecf8ecb-b840-4e77-a246-4310cdd61e51",
    "data": [
      {
        "text": "add ",
        "userDefined": false
      },
      {
        "text": "4",
        "meta": "@sys.number-integer",
        "alias": "ShampooQty",
        "userDefined": true
      },
      {
        "text": " bottles please",
        "userDefined": false
      }
    ],
    "isTemplate": false,
    "count": 0,
    "lang": "en",
    "updated": 0
  },
  {
    "id": "1ba060f4-d51c-4cfc-8524-345285932ae1",
    "data": [
      {
        "text": "I want to add ",
        "userDefined": false
      },
      {
        "text": "6",
        "meta": "@sys.number-integer",
        "alias": "ShampooQty",
        "userDefined": true
      },
      {
        "text": " bottles",
        "userDefined": false
      }
    ],
    "isTemplate": false,
    "count": 0,
    "lang": "en",
    "updated": 0
  },
  {
    "id": "1db67c55-dd28-45da-af90-f43df6501942",
    "data": [
      {
        "text": "add ",
        "userDefined": false
      },
      {
        "text": "5",
        "meta": "@sys.number-integer",
        "alias": "ShampooQty",
        "userDefined": true
      },
      {
        "text": " bottles",
        "userDefined": false
      }
    ],
    "isTemplate": false,
    "count": 0,
    "lang": "en",
    "updated": 0
  },
  {
    "id": "ff605a1b-e59e-4821-9c67-9f30f46af32a",
    "data": [
      {
        "text": "yes",
        "userDefined": false
      }
    ],
    "isTemplate": false,
    "count": 0,
    "lang": "en",
    "updated": 0
  },
  {
    "id": "ef7017b9-ea76-4587-9212-b05aa6e01668",
    "data": [
      {
        "text": "add shampoo",
        "userDefined": false
      }
    ],
    "isTemplate": false,
    "count": 0,
    "lang": "en",
    "updated": 0
  },
  {
    "id": "09c74147-a091-4264-86ef-93aa4978cddd",
    "data": [
      {
        "text": "Yes, add",
        "userDefined": false
      }
    ],
    "isTemplate": false,
    "count": 0,
    "lang": "en",
    "updated": 0
  },
  {
    "id": "6f848c04-0093-41ec-8c07-22ed93d68762",
    "data": [
      {
        "text": "Yes, add shampoo",
        "userDefined": false
      }
    ],
    "isTemplate": false,
    "count": 0,
    "lang": "en",
    "updated": 0
  },
  {
    "id": "ee54f683-de31-4f09-ac74-31011e5cbe9f",
    "data": [
      {
        "text": "Yah, lets go for it",
        "userDefined": false
      }
    ],
    "isTemplate": false,
    "count": 0,
    "lang": "en",
    "updated": 0
  },
  {
    "id": "114371ad-5f06-4ae4-808f-814574ec538c",
    "data": [
      {
        "text": "OK, sounds good",
        "userDefined": false
      }
    ],
    "isTemplate": false,
    "count": 0,
    "lang": "en",
    "updated": 0
  },
  {
    "id": "394b9098-baf8-46f0-b34f-1d5a1223f928",
    "data": [
      {
        "text": "Yes, lets do that",
        "userDefined": false
      }
    ],
    "isTemplate": false,
    "count": 0,
    "lang": "en",
    "updated": 0
  },
  {
    "id": "8cf91e9f-e3eb-4d59-aa3e-44d23f6b6dae",
    "data": [
      {
        "text": "Yes, that would be nice",
        "userDefined": false
      }
    ],
    "isTemplate": false,
    "count": 0,
    "lang": "en",
    "updated": 0
  },
  {
    "id": "4693dc6e-21ba-4224-ab41-c5c9ab5c85e1",
    "data": [
      {
        "text": "Yes, sure",
        "userDefined": false
      }
    ],
    "isTemplate": false,
    "count": 0,
    "lang": "en",
    "updated": 0
  }
]