[
  {
    "id": "07645fde-d24b-429a-9174-8e696696fc0e",
    "data": [
      {
        "text": "change to ",
        "userDefined": false
      },
      {
        "text": "3 pm",
        "meta": "@sys.time",
        "alias": "Time",
        "userDefined": true
      }
    ],
    "isTemplate": false,
    "count": 0,
    "lang": "en",
    "updated": 0
  },
  {
    "id": "3ef4a571-fc7a-4b61-a8da-7be2642bec4f",
    "data": [
      {
        "text": "change to ",
        "userDefined": false
      },
      {
        "text": "11 am",
        "meta": "@sys.time",
        "alias": "Time",
        "userDefined": true
      }
    ],
    "isTemplate": false,
    "count": 0,
    "lang": "en",
    "updated": 0
  },
  {
    "id": "75aaf726-d1a9-4900-9572-98fd4e12544e",
    "data": [
      {
        "text": "change to ",
        "userDefined": false
      },
      {
        "text": "5 pm",
        "meta": "@sys.time",
        "alias": "Time",
        "userDefined": true
      }
    ],
    "isTemplate": false,
    "count": 0,
    "lang": "en",
    "updated": 0
  },
  {
    "id": "5ad1533b-58da-4125-a02b-436a49e6b460",
    "data": [
      {
        "text": "Change time",
        "userDefined": false
      }
    ],
    "isTemplate": false,
    "count": 0,
    "lang": "en",
    "updated": 0
  }
]