[
  {
    "id": "4152b89d-3843-4042-930d-076c58c9224d",
    "data": [
      {
        "text": "I want to change to ",
        "userDefined": false
      },
      {
        "text": "Brian",
        "meta": "@StylistName",
        "alias": "Stylist",
        "userDefined": true
      }
    ],
    "isTemplate": false,
    "count": 0,
    "lang": "en",
    "updated": 0
  },
  {
    "id": "290fee17-55e9-423f-9d5c-34b5f3fcadd0",
    "data": [
      {
        "text": "change to ",
        "userDefined": false
      },
      {
        "text": "Samantha",
        "meta": "@StylistName",
        "alias": "Stylist",
        "userDefined": true
      }
    ],
    "isTemplate": false,
    "count": 0,
    "lang": "en",
    "updated": 0
  },
  {
    "id": "bb01913c-377b-40f3-8b92-c98d7d98d02b",
    "data": [
      {
        "text": "change stylist to ",
        "userDefined": false
      },
      {
        "text": "Jackie",
        "meta": "@StylistName",
        "alias": "Stylist",
        "userDefined": true
      }
    ],
    "isTemplate": false,
    "count": 0,
    "lang": "en",
    "updated": 0
  },
  {
    "id": "925658dd-6f29-4f5c-b8af-8ce09b06a8ea",
    "data": [
      {
        "text": "Change stylist",
        "userDefined": false
      }
    ],
    "isTemplate": false,
    "count": 0,
    "lang": "en",
    "updated": 0
  }
]