[
  {
    "id": "8fbf2b9a-afe4-4f5a-a78b-73029a9609d2",
    "data": [
      {
        "text": "delete appointment ",
        "userDefined": false
      },
      {
        "text": "tomorrow",
        "meta": "@sys.date",
        "alias": "Date",
        "userDefined": true
      },
      {
        "text": " at ",
        "userDefined": false
      },
      {
        "text": "1 pm",
        "meta": "@sys.time",
        "alias": "Time",
        "userDefined": true
      }
    ],
    "isTemplate": false,
    "count": 0,
    "lang": "en",
    "updated": 0
  },
  {
    "id": "964a47bb-a2ca-435b-932b-b5e012d65f61",
    "data": [
      {
        "text": "cancel appointment for ",
        "userDefined": false
      },
      {
        "text": "today",
        "meta": "@sys.date",
        "alias": "Date",
        "userDefined": true
      },
      {
        "text": " at ",
        "userDefined": false
      },
      {
        "text": "6 pm",
        "meta": "@sys.time",
        "alias": "Time",
        "userDefined": true
      }
    ],
    "isTemplate": false,
    "count": 0,
    "lang": "en",
    "updated": 0
  },
  {
    "id": "cf52cadb-9efa-4897-b0af-909ccee57013",
    "data": [
      {
        "text": "delete appointment ",
        "userDefined": false
      },
      {
        "text": "Brian",
        "meta": "@StylistName",
        "alias": "Stylist",
        "userDefined": true
      },
      {
        "text": " ",
        "userDefined": false
      },
      {
        "text": "tomorrow",
        "meta": "@sys.date",
        "alias": "Date",
        "userDefined": true
      },
      {
        "text": " at ",
        "userDefined": false
      },
      {
        "text": "11 am",
        "meta": "@sys.time",
        "alias": "Time",
        "userDefined": true
      },
      {
        "text": ", name is ",
        "userDefined": false
      },
      {
        "text": "Nicole Kidman",
        "meta": "@sys.music-artist",
        "alias": "CustName",
        "userDefined": true
      }
    ],
    "isTemplate": false,
    "count": 0,
    "lang": "en",
    "updated": 0
  },
  {
    "id": "99094c2e-6429-4fb6-a4e5-eb16e62b85db",
    "data": [
      {
        "text": "I want cancel my appointment for ",
        "userDefined": false
      },
      {
        "text": "Samantha",
        "meta": "@StylistName",
        "alias": "Stylist",
        "userDefined": true
      },
      {
        "text": " ",
        "userDefined": false
      },
      {
        "text": "today",
        "meta": "@sys.date",
        "alias": "Date",
        "userDefined": true
      },
      {
        "text": " at ",
        "userDefined": false
      },
      {
        "text": "2 pm",
        "meta": "@sys.time",
        "alias": "Time",
        "userDefined": true
      },
      {
        "text": ", name is ",
        "userDefined": false
      },
      {
        "text": "Tom Cruise",
        "meta": "@sys.music-artist",
        "alias": "CustName",
        "userDefined": true
      }
    ],
    "isTemplate": false,
    "count": 0,
    "lang": "en",
    "updated": 0
  },
  {
    "id": "f99fbd4a-e213-41cc-b0a7-902b5adabb9b",
    "data": [
      {
        "text": "cancel appointment ",
        "userDefined": false
      },
      {
        "text": "Brian",
        "meta": "@StylistName",
        "alias": "Stylist",
        "userDefined": true
      },
      {
        "text": " on ",
        "userDefined": false
      },
      {
        "text": "this Friday",
        "meta": "@sys.date",
        "alias": "Date",
        "userDefined": true
      },
      {
        "text": " at ",
        "userDefined": false
      },
      {
        "text": "7 pm",
        "meta": "@sys.time",
        "alias": "Time",
        "userDefined": true
      }
    ],
    "isTemplate": false,
    "count": 0,
    "lang": "en",
    "updated": 0
  },
  {
    "id": "d4a81a16-4665-4443-bc26-d9043d3df42f",
    "data": [
      {
        "text": "I want to cancel my appointment with ",
        "userDefined": false
      },
      {
        "text": "Samantha",
        "meta": "@StylistName",
        "alias": "Stylist",
        "userDefined": true
      },
      {
        "text": " on ",
        "userDefined": false
      },
      {
        "text": "next Monday",
        "meta": "@sys.date",
        "alias": "Date",
        "userDefined": true
      },
      {
        "text": " at ",
        "userDefined": false
      },
      {
        "text": "10 am",
        "meta": "@sys.time",
        "alias": "Time",
        "userDefined": true
      }
    ],
    "isTemplate": false,
    "count": 0,
    "lang": "en",
    "updated": 0
  },
  {
    "id": "2b3ef617-9cb8-436b-9ffc-c6628ba0f10f",
    "data": [
      {
        "text": "delete appointment for ",
        "userDefined": false
      },
      {
        "text": "Jackie",
        "meta": "@StylistName",
        "alias": "Stylist",
        "userDefined": true
      },
      {
        "text": " ",
        "userDefined": false
      },
      {
        "text": "tomorrow",
        "meta": "@sys.date",
        "alias": "Date",
        "userDefined": true
      },
      {
        "text": " at ",
        "userDefined": false
      },
      {
        "text": "3 pm",
        "meta": "@sys.time",
        "alias": "Time",
        "userDefined": true
      }
    ],
    "isTemplate": false,
    "count": 0,
    "lang": "en",
    "updated": 0
  },
  {
    "id": "90227fa6-6d05-4c46-afca-11b3076afa69",
    "data": [
      {
        "text": "cancel appointment",
        "userDefined": false
      }
    ],
    "isTemplate": false,
    "count": 0,
    "lang": "en",
    "updated": 0
  },
  {
    "id": "1ed0e07d-b742-4a7e-a660-9e489a980e45",
    "data": [
      {
        "text": "I would like to cancel my appointment",
        "userDefined": false
      }
    ],
    "isTemplate": false,
    "count": 0,
    "lang": "en",
    "updated": 0
  },
  {
    "id": "fae15de4-771f-49af-adad-933175b995d8",
    "data": [
      {
        "text": "delete appointment",
        "userDefined": false
      }
    ],
    "isTemplate": false,
    "count": 0,
    "lang": "en",
    "updated": 0
  },
  {
    "id": "4d5571e5-b920-4302-a098-3d302e99bbc7",
    "data": [
      {
        "text": "I want to delete my appointment",
        "userDefined": false
      }
    ],
    "isTemplate": false,
    "count": 0,
    "lang": "en",
    "updated": 0
  }
]