[
  {
    "id": "b9d621a8-df2a-42d4-9a46-a4544153102d",
    "data": [
      {
        "text": "End call",
        "userDefined": false
      }
    ],
    "isTemplate": false,
    "count": 0,
    "lang": "en",
    "updated": 0
  },
  {
    "id": "f4a0a398-da8f-4cac-8948-67081bcc23eb",
    "data": [
      {
        "text": "No, thank you.",
        "userDefined": false
      }
    ],
    "isTemplate": false,
    "count": 0,
    "lang": "en",
    "updated": 0
  },
  {
    "id": "2fa8d30c-ce33-4764-910a-750b9bad7a4a",
    "data": [
      {
        "text": "I have finished",
        "userDefined": false
      }
    ],
    "isTemplate": false,
    "count": 0,
    "lang": "en",
    "updated": 0
  },
  {
    "id": "5ad9d0b8-695b-4f2f-9d85-102ae38ab1cf",
    "data": [
      {
        "text": "No, I am done",
        "userDefined": false
      }
    ],
    "isTemplate": false,
    "count": 0,
    "lang": "en",
    "updated": 0
  },
  {
    "id": "06535fba-f185-4842-a078-5f9827638efc",
    "data": [
      {
        "text": "No, thats all",
        "userDefined": false
      }
    ],
    "isTemplate": false,
    "count": 0,
    "lang": "en",
    "updated": 0
  },
  {
    "id": "31ca00f6-6d54-4802-8f9e-0f235ca26ff5",
    "data": [
      {
        "text": "No, that\u0027s all. I am done",
        "userDefined": false
      }
    ],
    "isTemplate": false,
    "count": 0,
    "lang": "en",
    "updated": 0
  },
  {
    "id": "0f2484f6-3ddc-4e1a-bf70-c6630e8f9538",
    "data": [
      {
        "text": "I am done",
        "userDefined": false
      }
    ],
    "isTemplate": false,
    "count": 1,
    "lang": "en",
    "updated": 0
  },
  {
    "id": "272a58f1-61bd-4b21-a548-910317057d6d",
    "data": [
      {
        "text": "I don\u0027t need anything else",
        "userDefined": false
      }
    ],
    "isTemplate": false,
    "count": 0,
    "lang": "en",
    "updated": 0
  },
  {
    "id": "c0c1de72-9e65-49a7-8dce-17340b1f499e",
    "data": [
      {
        "text": "I don\u0027t need anything more",
        "userDefined": false
      }
    ],
    "isTemplate": false,
    "count": 0,
    "lang": "en",
    "updated": 0
  },
  {
    "id": "5260090b-42f0-4d5c-bf64-26b2dd59ec68",
    "data": [
      {
        "text": "Good bye",
        "userDefined": false
      }
    ],
    "isTemplate": false,
    "count": 0,
    "lang": "en",
    "updated": 0
  },
  {
    "id": "45519205-263d-413e-8cec-b9df0764816a",
    "data": [
      {
        "text": "Bye bye",
        "userDefined": false
      }
    ],
    "isTemplate": false,
    "count": 0,
    "lang": "en",
    "updated": 0
  },
  {
    "id": "ca060f66-aafe-4d0a-9697-e1153480e2d7",
    "data": [
      {
        "text": "Thanks and bye",
        "userDefined": false
      }
    ],
    "isTemplate": false,
    "count": 0,
    "lang": "en",
    "updated": 0
  },
  {
    "id": "fd80aa36-fe86-42b2-8cd9-f6abaa4a05bd",
    "data": [
      {
        "text": "Thank you and good bye",
        "userDefined": false
      }
    ],
    "isTemplate": false,
    "count": 0,
    "lang": "en",
    "updated": 0
  },
  {
    "id": "36821792-9102-4d29-ad1b-76dcd0812cf8",
    "data": [
      {
        "text": "I am ending the call",
        "userDefined": false
      }
    ],
    "isTemplate": false,
    "count": 0,
    "lang": "en",
    "updated": 0
  },
  {
    "id": "9575916a-b970-415e-a918-83f2ccfe28a2",
    "data": [
      {
        "text": "I am hanging up",
        "userDefined": false
      }
    ],
    "isTemplate": false,
    "count": 0,
    "lang": "en",
    "updated": 0
  },
  {
    "id": "3aa2bd2b-0f45-490a-85c1-f476b7797c48",
    "data": [
      {
        "text": "Bye",
        "userDefined": false
      }
    ],
    "isTemplate": false,
    "count": 0,
    "lang": "en",
    "updated": 0
  },
  {
    "id": "c59296bf-35d1-4d81-b6ab-8d64f492a44e",
    "data": [
      {
        "text": "I finished",
        "userDefined": false
      }
    ],
    "isTemplate": false,
    "count": 0,
    "lang": "en",
    "updated": 0
  },
  {
    "id": "e40be5ca-b3b0-493d-92ad-86fb8cd47d2f",
    "data": [
      {
        "text": "I am all done",
        "userDefined": false
      }
    ],
    "isTemplate": false,
    "count": 1,
    "lang": "en",
    "updated": 0
  },
  {
    "id": "96120bdc-7a87-42f4-b4e8-62eb1fd270a0",
    "data": [
      {
        "text": "That\u0027s all",
        "userDefined": false
      }
    ],
    "isTemplate": false,
    "count": 0,
    "lang": "en",
    "updated": 0
  },
  {
    "id": "ab8c7939-45fd-4cae-9407-0413427fc83c",
    "data": [
      {
        "text": "End",
        "userDefined": false
      }
    ],
    "isTemplate": false,
    "count": 0,
    "lang": "en",
    "updated": 0
  }
]