[
  {
    "id": "6399270b-b39b-4630-b91d-04b8fb611013",
    "data": [
      {
        "text": "order shampoo ",
        "userDefined": false
      },
      {
        "text": "4",
        "meta": "@sys.number-integer",
        "alias": "ShampooQty",
        "userDefined": true
      },
      {
        "text": " bottles collect on ",
        "userDefined": false
      },
      {
        "text": "Friday",
        "meta": "@sys.date",
        "alias": "CollectDate",
        "userDefined": true
      },
      {
        "text": " name is ",
        "userDefined": false
      },
      {
        "text": "Johnny Depp",
        "meta": "@sys.music-artist",
        "alias": "CustName",
        "userDefined": true
      }
    ],
    "isTemplate": false,
    "count": 0,
    "lang": "en",
    "updated": 0
  },
  {
    "id": "9592b16a-53e1-4f8a-90a8-be2cb9bd1d53",
    "data": [
      {
        "text": "order shampoo for ",
        "userDefined": false
      },
      {
        "text": "3",
        "meta": "@sys.number-integer",
        "alias": "ShampooQty",
        "userDefined": true
      },
      {
        "text": " bottles",
        "userDefined": false
      }
    ],
    "isTemplate": false,
    "count": 0,
    "lang": "en",
    "updated": 0
  },
  {
    "id": "3b843870-8a25-4d87-9ac0-1339f135acf2",
    "data": [
      {
        "text": "I want to place order for ",
        "userDefined": false
      },
      {
        "text": "6",
        "meta": "@sys.number-integer",
        "alias": "ShampooQty",
        "userDefined": true
      },
      {
        "text": " bottles of shampoo collection on ",
        "userDefined": false
      },
      {
        "text": "Saturday",
        "meta": "@sys.date",
        "alias": "CollectDate",
        "userDefined": true
      },
      {
        "text": " name is ",
        "userDefined": false
      },
      {
        "text": "Tom Cruise",
        "meta": "@sys.music-artist",
        "alias": "CustName",
        "userDefined": true
      }
    ],
    "isTemplate": false,
    "count": 0,
    "lang": "en",
    "updated": 0
  },
  {
    "id": "0a0b8cf8-38fe-4da4-b05d-cb595ebdc62b",
    "data": [
      {
        "text": "order ",
        "userDefined": false
      },
      {
        "text": "5",
        "meta": "@sys.number-integer",
        "alias": "ShampooQty",
        "userDefined": true
      },
      {
        "text": " bottles of shampoo collection for ",
        "userDefined": false
      },
      {
        "text": "tomorrow",
        "meta": "@sys.date",
        "alias": "CollectDate",
        "userDefined": true
      }
    ],
    "isTemplate": false,
    "count": 0,
    "lang": "en",
    "updated": 0
  },
  {
    "id": "b6e37af9-bae1-4954-afc5-77e759a127c3",
    "data": [
      {
        "text": "I want to place order for shampoo",
        "userDefined": false
      }
    ],
    "isTemplate": false,
    "count": 0,
    "lang": "en",
    "updated": 0
  },
  {
    "id": "efb35cbd-13ad-4b5f-9d5f-edbe0d5ac441",
    "data": [
      {
        "text": "I want to order shampoo",
        "userDefined": false
      }
    ],
    "isTemplate": false,
    "count": 0,
    "lang": "en",
    "updated": 0
  },
  {
    "id": "d0d787fe-801b-4783-8932-a7cc5c5b13c4",
    "data": [
      {
        "text": "order shampoo",
        "userDefined": false
      }
    ],
    "isTemplate": false,
    "count": 0,
    "lang": "en",
    "updated": 0
  },
  {
    "id": "efda2a2d-873e-47bd-b978-ea0886f8d0f8",
    "data": [
      {
        "text": "I would like to order shampoo",
        "userDefined": false
      }
    ],
    "isTemplate": false,
    "count": 0,
    "lang": "en",
    "updated": 0
  }
]